Name,Birthday
Ethan Rodr,12/5/1981
Bob Rodriguez,7/23/1977
Charlie Brown,12/2/1993
Hannah Joness,5/5/1966
Hannah Joness,5/5/1966
Alice Williams,2/13/1994
Hannah Davis,8/4/1980
Charlie Brown,6/27/1987
Fiona Rodriguez,5/20/1979
Ethan Millers,2/2/2014
Bob Smith,9/16/2013
Ivan Rodriguez,11/21/1986
Ethan Daviss,5/1/1984
Diana Brown,7/21/2013
Ivans Garcia,1/16/1991
Hannah Garcia,11/4/2011
Ethan Johnson,10/1/2009
Fiona Johnson,4/6/1967
George Garcia,3/8/1980
Julia Miller,4/1/2010
Diana Johnson,7/4/2015
Alice Jones,4/24/1980
Ethan Williams,8/14/1999
Ivan Smiths,4/13/2016
Ethan Daviss,7/2/1974
George Miller,11/6/2016
Charlie Davis,10/4/1967
Diana Smiths,12/28/1976
Bobboy  Brown,1/11/1972
Fiona Jones,10/23/1972
Ivan Smith,1/12/1978
Fiona Rodriguez,10/7/2016
Sona Rod,2/8/1998
Alice Johnson,9/15/1999
Charlie Smith,3/9/1989
Ivan Brown,7/22/2005
